<?xml version="1.0" encoding="UTF-8"?>
<!--
Licensed to the Apache Software Foundation (ASF) under one
or more contributor license agreements.  See the NOTICE file
distributed with this work for additional information
regarding copyright ownership.  The ASF licenses this file
to you under the Apache License, Version 2.0 (the
"License"); you may not use this file except in compliance
with the License.  You may obtain a copy of the License at

http://www.apache.org/licenses/LICENSE-2.0

Unless required by applicable law or agreed to in writing,
software distributed under the License is distributed on an
"AS IS" BASIS, WITHOUT WARRANTIES OR CONDITIONS OF ANY
KIND, either express or implied.  See the License for the
specific language governing permissions and limitations
under the License.
-->

<entitymodel xmlns:xsi="http://www.w3.org/2001/XMLSchema-instance"
    xsi:noNamespaceSchemaLocation="http://ofbiz.apache.org/dtds/entitymodel.xsd">
    <!-- ========================================================= -->
    <!-- ======================== Defaults ======================= -->
    <!-- ========================================================= -->
    <title>Entity of OfbizDemo Component</title>
    <description>None</description>
    <copyright></copyright>
    <version>1.0</version>

    <entity entity-name="OfbizDemoType" package-name="org.apache.ofbiz.ofbizdemo" title="OfbizDemo Type Entity">
        <field name="ofbizDemoTypeId" type="id"><description>primary sequenced ID</description></field>
        <field name="description" type="description"></field>
        <prim-key field="ofbizDemoTypeId"/>
    </entity>

    <entity entity-name="OfbizDemo" package-name="org.apache.ofbiz.ofbizdemo" title="OfbizDemo Entity">
        <field name="ofbizDemoId" type="id"><description>primary sequenced ID</description></field>
        <field name="ofbizDemoTypeId" type="id"></field>
        <field name="firstName" type="name"></field>
        <field name="lastName" type="name"></field>
        <field name="comments" type="comment"></field>
        <prim-key field="ofbizDemoId"/>
        <relation type="one" fk-name="ODEM_OD_TYPE_ID" rel-entity-name="OfbizDemoType">
            <key-map field-name="ofbizDemoTypeId"/>
        </relation>
    </entity>

</entitymodel>